Harmonized_attribute,Scorecard_attribute,Scorecard_attribute_updated,Transformation_logic,Modelled
directions_index_brand_interest,directions_strategic_measures_brand_interest_index,Brand Interest (Potential for Purchase Among Non-Buyer) - Directions,N/A,1
directions_index_brand_love,directions_strategic_measures_brand_love_index,"Brand Love (Connection to a Brand, Potential for Advocacy)- Directions",N/A,1
directions_index_brand_loyalty,directions_strategic_measures_brand_loyalty_index,Brand Loyalty (Potential for Repurchase Among Buyers) - Directions,N/A,1
directions_mean_always_seems_to_be_doing_something_new,directions_brand_attributes_always_seems_to_be_doing_something_new_mean,Always Seems To Be Doing Something New (Mean) - Directions,N/A,1
directions_mean_controls_litter_box_odor_better_than_other_brands,directions_brand_attributes_controls_litter_box_odor_better_than_other_brands_mean,Controls Litter Box Odor Better Than Other Brands (Mean) - Directions,N/A,1
directions_mean_costs_more_than_i_am_prepared_to_pay,directions_brand_attributes_costs_more_than_i_am_prepared_to_pay_mean_inverse,Costs More Than I Am Prepared To Pay (Mean Inverse) - Directions,100- Harmonized Attribute Value,1
directions_mean_creates_a_minimal_amount_of_dust_when_used,directions_brand_attributes_creates_a_minimal_amount_of_dust_when_used_mean,Creates A Minimal Amount Of Dust When Used (Mean) - Directions,N/A,1
directions_mean_creates_excitement_and_eagerness_at_mealtime,directions_brand_attributes_creates_excitement_and_eagerness_at_mealtime_mean,Creates Excitement And Eagerness At Mealtime (Mean) - Directions,N/A,1
directions_mean_creates_playful_moments_with_my_cat,directions_brand_attributes_creates_playful_moments_with_my_cat_mean,Creates Playful Moments With My Cat (Mean) - Directions,N/A,1
directions_mean_does_not_stick_to_cat's_paws_and_get_tracked_around_my_home,directions_brand_attributes_does_not_stick_to_cats_paws_and_get_tracked_around_my_home_mean,Does Not Stick To Cat's Paws And Get Tracked Around My Home (Mean) - Directions,N/A,1
directions_mean_has_a_taste_my_cat_enjoys,directions_brand_attributes_has_a_taste_my_cat_enjoys_mean,Has a taste my cat enjoys (Mean) - Directions,N/A,1
directions_mean_has_a_taste_my_dog_enjoys,directions_brand_attributes_has_a_taste_my_dog_enjoys_mean,Has a taste my dog enjoys (Mean) - Directions,N/A,1
directions_mean_has_an_appealing_package,directions_brand_attributes_has_an_appealing_package_mean,Has An Appealing Package (Mean) - Directions,N/A,1
directions_mean_has_craveable_treats_that_my_cat_comes_running_for,directions_brand_attributes_has_craveable_treats_that_my_cat_comes_running_for_mean,Has Craveable Treats That My Cat Comes Running For (Mean) - Directions,N/A,1
directions_mean_has_the_most_satisfying_and_hearty_dog_treats,directions_brand_attributes_has_the_most_satisfying_and_hearty_dog_treats_mean,Has The Most Satisfying And Hearty Dog Treats (Mean) - Directions,N/A,1
directions_mean_has_treats_i_could_feed_my_dog_everyday,directions_brand_attributes_has_treats_i_could_feed_my_dog_everyday_mean,Has Treats I Could Feed My Dog Everyday (Mean) - Directions,N/A,1
directions_mean_has_treats_that_contain_wholesome_ingredients,directions_brand_attributes_has_treats_that_contain_wholesome_ingredients_mean,Has Treats That Contain Wholesome Ingredients (Mean) - Directions,N/A,1
directions_mean_has_treats_that_have_an_appealing_package,directions_brand_attributes_has_treats_that_have_an_appealing_package_mean,Has Treats That Have An Appealing Package (Mean) - Directions,N/A,1
directions_mean_helps_me_connect_with_my_dog,directions_brand_attributes_helps_me_connect_with_my_dog_mean,Helps Me Connect With My Dog (Mean) - Directions,N/A,1
directions_mean_is_a_brand_i_do_not_trust_to_feed_to_my_pet,directions_brand_attributes_is_a_brand_i_do_not_trust_to_feed_to_my_pet_mean_inverse,Is A Brand I Do Not Trust To Feed To My Pet (Mean Inverse) - Directions,100- Harmonized Attribute Value,1
directions_mean_is_a_brand_i_do_not_trust_to_perform_well,directions_brand_attributes_is_a_brand_i_do_not_trust_to_perform_well_mean_inverse,Is A Brand I Do Not Trust To Perform Well (Mean Inverse) - Directions,100- Harmonized Attribute Value,1
directions_mean_is_a_brand_i_trust_more_than_others,directions_brand_attributes_is_a_brand_i_trust_more_than_others_mean,Is A Brand I Trust More Than Others (Mean) - Directions,N/A,1
directions_mean_is_a_brand_i_would_pay_more_for,directions_brand_attributes_is_a_brand_i_would_pay_more_for_mean,Is A Brand I Would Pay More For (Mean) - Directions,N/A,1
directions_mean_is_a_brand_that_is_gaining_in_popularity,directions_brand_attributes_is_a_brand_that_is_gaining_in_popularity_mean,Is A Brand That Is Gaining In Popularity (Mean) - Directions,N/A,1
directions_mean_is_a_very_good_value_for_the_money,directions_brand_attributes_is_a_very_good_value_for_the_money_mean,Is A Very Good Value For The Money (Mean) - Directions,N/A,1
directions_mean_is_available_in_different_forms_for_different_occasions,directions_brand_attributes_is_available_in_different_forms_for_different_occasions_mean,Is Available In Different Forms For Different Occasions (Mean) - Directions,N/A,1
directions_mean_is_designed_to_meet_my_dogâ€™s_health_needs,directions_brand_attributes_is_designed_to_meet_my_dogs_health_needs_mean,Is Designed To Meet My Dog's Health Needs (Mean) - Directions,N/A,1
directions_mean_is_easy_to_find_and_buy,directions_brand_attributes_is_easy_to_find_and_buy_mean,Is Easy To Find And Buy (Mean) - Directions,N/A,1
directions_mean_is_made_of_ingredients_that_are_safe_for_my_home_and_the_environment,directions_brand_attributes_is_made_of_ingredients_that_are_safe_for_my_home_and_the_environment_mean,Is Made Of Ingredients That Are Safe For My Home And The Environment (Mean) - Directions,N/A,1
directions_mean_is_often_available_on_promotion_or_deal,directions_brand_attributes_is_often_available_on_promotion_or_deal_mean,Is Often Available On Promotion Or Deal (Mean) - Directions,N/A,1
directions_mean_is_too_cheap_to_be_of_acceptable_quality,directions_brand_attributes_is_too_cheap_to_be_of_acceptable_quality_mean_inverse,Is Too Cheap To Be Of Acceptable Quality (Mean Inverse) - Directions,100- Harmonized Attribute Value,1
directions_mean_makes_it_easy_for_me_to_clean_my_cat's_litter_box,directions_brand_attributes_makes_it_easy_for_me_to_clean_my_cats_litter_box_mean,Makes It Easy For Me To Clean My Cat's Litter Box (Mean) - Directions,N/A,1
directions_mean_offers_a_flavor(s)_that_appeals_to_my_dog's_taste,directions_brand_attributes_offers_a_flavors_that_appeals_to_my_dogs_taste_mean,Offers A Flavor That Appeals To My Dog's Taste (Mean) - Directions,N/A,1
directions_mean_offers_litters_that_are_healthier_for_my_cat,directions_brand_attributes_offers_litters_that_are_healthier_for_my_cat_mean,Offers Litters That Are Healthier For My Cat (Mean) - Directions,N/A,1
directions_mean_offers_products_that_contain_real_natural_ingredients,directions_brand_attributes_offers_products_that_contain_real_natural_ingredients_mean,Offers Products That Contain Real Natural Ingredients (Mean) - Directions,N/A,1
directions_mean_offers_the_best_lightweight_litters,directions_brand_attributes_offers_the_best_lightweight_litters_mean,Offers The Best Lightweight Litters (Mean) - Directions,N/A,1
directions_mean_provides_all_the_variety_my_cat_wants,directions_brand_attributes_provides_all_the_variety_my_cat_wants_mean,Provides All The Variety My Cat Wants (Mean) - Directions,N/A,1
directions_mean_understands_the_relationship_between_me_and_my_cat,directions_brand_attributes_understands_the_relationship_between_me_and_my_cat_mean,Understands The Relationship Between Me And My Cat (Mean) - Directions,N/A,1
directions_mean_understands_the_relationship_between_me_and_my_dog,directions_brand_attributes_understands_the_relationship_between_me_and_my_dog_mean,Understands The Relationship Between Me And My Dog (Mean) - Directions,N/A,1
directions_net_definitely_would_buy,directions_future_purchase_intent_definitely_would_buy_net,Definitely Would Buy - Directions,N/A,1
directions_net_mentions_total_awareness,directions_awareness_total_awareness_net_mentions,Total Awareness - Directions,N/A,1
directions_net_mentions_unaided_awareness,directions_awareness_unaided_awareness_net_mentions,Unaided Awareness - Directions,N/A,1
directions_net_one_of_many_brands_i_would_consider_buying,directions_brand_consideration_one_of_many_brands_i_would_consider_buying_net,One Of Many Brands I Would Consider Buying - Directions,N/A,1
directions_net_probably_would_buy,directions_future_purchase_intent_probably_would_buy_net,Probably Would Buy - Directions,N/A,1
directions_net_the_only_brand_i_would_consider_buying,directions_brand_consideration_the_only_brand_i_would_consider_buying_net,The Only Brand I Would Consider Buying - Directions,N/A,1
directions_net_trust_brand_completely,directions_positive_brand_trust,Positive Brand Trust (Trust Completely / Very Much / Somewhat) - Directions,Sum,1
directions_net_trust_brand_somewhat,directions_positive_brand_trust,Positive Brand Trust (Trust Completely / Very Much / Somewhat) - Directions,Sum,1
directions_net_trust_brand_very_much,directions_positive_brand_trust,Positive Brand Trust (Trust Completely / Very Much / Somewhat) - Directions,Sum,1
directions_t2b_buyers_advocacy,directions_funnel_metrics_advocacy_t2b_buyers,Advocacy (Definitely / Probably Would Recommend) - Directions,N/A,1
neilsen_panel_%_2+_time_buying_households,neilsen_panel_per_2_plus_time_buying_households,2+ Purchases - Nielsen Panel,N/A,1
neilsen_panel_occasions_per_buying_household,neilsen_panel_occasions_per_buying_household,Trips - Nielsen Panel,N/A,1
neilsen_panel_value_per_buying_household,neilsen_panel_value_per_buying_household,Household Dollar Value - Nielsen Panel,N/A,1
neilsen_panel_value_per_occasion,neilsen_panel_value_per_occasion,Dollars per Trip - Nielsen Panel,N/A,1
neilsen_panel_volume_lbs_per_buying_household,neilsen_panel_volume_lbs_per_buying_household,Pounds per Household - Nielsen Panel,N/A,1
neilsen_panel_volume_lbs_per_occasion,neilsen_panel_volume_lbs_per_occasion,Pounds per Trip - Nielsen Panel,N/A,1
ratings_reviews_3_star_ratings,ratings_reviews_positive_ratings_percentage,Positive Ratings - Ratings & Reviews,Sum,1
ratings_reviews_4_star_ratings,ratings_reviews_positive_ratings_percentage,Positive Ratings - Ratings & Reviews,Sum,1
ratings_reviews_5_star_ratings,ratings_reviews_positive_ratings_percentage,Positive Ratings - Ratings & Reviews,Sum,1
ratings_reviews_count_bad_experiences,ratings_reviews_good_experience_percentage,Good Experience - Ratings & Reviews,1 - (ratings_reviews_count_bad_experiences_/ratings_reviews_review),1
ratings_reviews_review,ratings_reviews_good_experience_percentage,Good Experience - Ratings & Reviews,1 - (ratings_reviews_count_bad_experiences_/ratings_reviews_review),1
ratings_reviews_review,ratings_reviews_review_count_share,Review Count - Ratings & Reviews ,Weighted Average: At Brand x Date Level (Harmonized Attribute Value) / At Category x Date Level Sum(Harmonized Attribute Value),1
ratings_reviews_review_rating_average,ratings_reviews_review_rating_average,Average Ratings - Ratings & Reviews,N/A,1
ratings_reviews_sentiment_score_average_sentiment_score,ratings_reviews_review_sentiment_score_average,Average Sentiment Score - Ratings & Reviews,N/A,1
ratings_reviews_sentiment_score_health_benefits,ratings_reviews_review_sentiment_score_health_benefits,Health Benefits Sentiment Score - Ratings & Reviews,N/A,1
ratings_reviews_sentiment_score_ingredients,ratings_reviews_review_sentiment_score_ingredients,Ingredients Sentiment Score - Ratings & Reviews,N/A,1
ratings_reviews_sentiment_score_litter_performance,ratings_reviews_review_sentiment_score_litter_performance,Litter Performance Sentiment Score - Ratings & Reviews,N/A,1
ratings_reviews_sentiment_score_pet_enjoyment,ratings_reviews_review_sentiment_score_pet_enjoyment,Pet Enjoyment Sentiment Score - Ratings & Reviews,N/A,1
ratings_reviews_sentiment_score_value_for_the_money,ratings_reviews_review_sentiment_score_value_for_the_money,Value for the Money Sentiment Score - Ratings & Reviews,N/A,1
search_searchvolume,search_searchvolume_share,Share of Search Volume - Search,Weighted Average: At Brand x Date Level (Harmonized Attribute Value) / At Category x Date Level Sum(Harmonized Attribute Value),1
social_percent_neutral,social_percent_positive_neutral,Positive / Neutral Social Buzz - Social,Sum,1
social_percent_positive,social_percent_positive_neutral,Positive / Neutral Social Buzz - Social,Sum,1
social_share_of_total_buzz_post,social_share_of_total_buzz_post,Share of Social Buzz - Social,N/A,1
directions_mean_has_treats_that_i_could_feed_my_cat_as_a_reward,directions_mean_has_treats_that_i_could_feed_my_cat_as_a_reward,,N/A,0
directions_mean_has_treats_that_motivate_my_dog_to_do_what_i_need_them_to_do,directions_mean_has_treats_that_motivate_my_dog_to_do_what_i_need_them_to_do,,N/A,0
directions_mean_helps_keep_my_dog_occupied/distracted,directions_mean_helps_keep_my_dog_occupied/distracted,,N/A,0
directions_mean_helps_prevent_future_health_problems_for_my_cat,directions_mean_helps_prevent_future_health_problems_for_my_cat,,N/A,0
directions_mean_helps_prevent_future_health_problems_for_my_dog,directions_mean_helps_prevent_future_health_problems_for_my_dog,,N/A,0
directions_mean_is_designed_to_meet_my_catÃ¢â‚¬â„¢s_unique_health_needs,directions_mean_is_designed_to_meet_my_catÃ¢â‚¬â„¢s_unique_health_needs,,N/A,0
directions_rank_1st_has_treats_that_i_could_feed_my_cat_as_a_reward,directions_rank_1st_has_treats_that_i_could_feed_my_cat_as_a_reward,,N/A,0
directions_rank_1st_has_treats_that_motivate_my_dog_to_do_what_i_need_them_to_do,directions_rank_1st_has_treats_that_motivate_my_dog_to_do_what_i_need_them_to_do,,N/A,0
directions_rank_1st_helps_keep_my_dog_occupied/distracted,directions_rank_1st_helps_keep_my_dog_occupied/distracted,,N/A,0
directions_rank_1st_helps_prevent_future_health_problems_for_my_cat,directions_rank_1st_helps_prevent_future_health_problems_for_my_cat,,N/A,0
directions_rank_1st_helps_prevent_future_health_problems_for_my_dog,directions_rank_1st_helps_prevent_future_health_problems_for_my_dog,,N/A,0
directions_rank_1st_is_designed_to_meet_my_catÃ¢â‚¬â„¢s_unique_health_needs,directions_rank_1st_is_designed_to_meet_my_catÃ¢â‚¬â„¢s_unique_health_needs,,N/A,0
directions_index_brand_distinction,directions_strategic_measures_brand_distinction_index,,N/A,0
directions_index_brand_essence,directions_strategic_measures_brand_essence_index,,N/A,0
directions_index_purchase_interest,directions_strategic_measures_purchase_interest_index,,N/A,0
directions_index_purchase_projection,directions_strategic_measures_purchase_projection_index,,N/A,0
directions_mean_brand_affinity,directions_brand_affinity_brand_affinity_mean,,N/A,0
directions_mean_gets_my_dog_most_excited,directions_brand_attributes_gets_my_dog_most_excited_mean,,N/A,0
directions_mean_has_an_appealing_appearance,directions_brand_attributes_has_an_appealing_appearance_mean,,N/A,0
directions_mean_is_a_brand_that_delivers_on_their_promises,directions_brand_attributes_is_a_brand_that_delivers_on_their_promises_mean,,N/A,0
directions_mean_is_a_brand_that_is_nutritionally_complete,directions_brand_attributes_is_a_brand_that_is_nutritionally_complete_mean,,N/A,0
directions_mean_is_available_in_the_size_i'm_looking_for,directions_brand_attributes_is_available_in_the_size_im_looking_for_mean,,N/A,0
directions_mean_is_recommended_by_experts_i_trust,directions_brand_attributes_is_recommended_by_experts_i_trust_mean,,N/A,0
directions_mean_is_something_i'm_confident_my_dog_will_eat,directions_brand_attributes_is_something_im_confident_my_dog_will_eat_mean,,N/A,0
directions_mean_is_well_tolerated_by_my_cat_not_causing_digestive_issues_or_adverse_reactions,directions_brand_attributes_is_well_tolerated_by_my_cat_not_causing_digestive_issues_or_adverse_reactions_mean,,N/A,0
directions_mean_provides_better_nutrition_than_other_brands,directions_brand_attributes_provides_better_nutrition_than_other_brands_mean,,N/A,0
directions_mean_stays_current_with_the_latest_research_in_pet_nutrition,directions_brand_attributes_stays_current_with_the_latest_research_in_pet_nutrition_mean,,N/A,0
directions_mean_uses_higher_quality_ingredients_than_other_brands,directions_brand_attributes_uses_higher_quality_ingredients_than_other_brands_mean,,N/A,0
directions_net_a_brand_i_would_not_consider_buying,directions_brand_consideration_a_brand_i_would_not_consider_buying_net,,N/A,0
directions_net_authentic,directions_brand_personality_authentic_net,,N/A,0
directions_net_definitely_would_not_buy,directions_future_purchase_intent_definitely_would_not_buy_net,,N/A,0
directions_net_dislike,directions_brand_connection_dislike_net,,N/A,0
directions_net_distinctive,directions_brand_personality_distinctive_net,,N/A,0
directions_net_don't_trust_brand_at_all,directions_brand_trust_dont_trust_brand_at_all_net,,N/A,0
directions_net_don't_trust_brand_very_much,directions_brand_trust_dont_trust_brand_very_much_net,,N/A,0
directions_net_dynamic,directions_brand_personality_dynamic_net,,N/A,0
directions_net_friendly,directions_brand_personality_friendly_net,,N/A,0
directions_net_fun,directions_brand_personality_fun_net,,N/A,0
directions_net_hate,directions_brand_connection_hate_net,,N/A,0
directions_net_innovative,directions_brand_personality_innovative_net,,N/A,0
directions_net_intelligent,directions_brand_personality_intelligent_net,,N/A,0
directions_net_like,directions_positive_brand_connection,,Sum,0
directions_net_love,directions_positive_brand_connection,,Sum,0
directions_net_mentions_awareness,directions_funnel_metrics_awareness_net_mentions,,N/A,0
directions_net_might_or_might_not_buy,directions_future_purchase_intent_might_or_might_not_buy_net,,N/A,0
directions_net_neutral,directions_positive_brand_connection,,Sum,0
directions_net_probably_would_not_buy,directions_future_purchase_intent_probably_would_not_buy_net,,N/A,0
directions_net_rugged,directions_brand_personality_rugged_net,,N/A,0
directions_net_sophisticated,directions_brand_personality_sophisticated_net,,N/A,0
directions_net_unique,directions_brand_personality_unique_net,,N/A,0
directions_rank_1st_always_seems_to_be_doing_something_new,directions_brand_attributes_always_seems_to_be_doing_something_new_rank_1st,,N/A,0
directions_rank_1st_controls_litter_box_odor_better_than_other_brands,directions_brand_attributes_controls_litter_box_odor_better_than_other_brands_rank_1st,,N/A,0
directions_rank_1st_costs_more_than_i_am_prepared_to_pay,directions_brand_attributes_costs_more_than_i_am_prepared_to_pay_rank_1st_inverse,,100- Harmonized Attribute Value,0
directions_rank_1st_creates_a_minimal_amount_of_dust_when_used,directions_brand_attributes_creates_a_minimal_amount_of_dust_when_used_rank_1st,,N/A,0
directions_rank_1st_creates_excitement_and_eagerness_at_mealtime,directions_brand_attributes_creates_excitement_and_eagerness_at_mealtime_rank_1st,,N/A,0
directions_rank_1st_creates_playful_moments_with_my_cat,directions_brand_attributes_creates_playful_moments_with_my_cat_rank_1st,,N/A,0
directions_rank_1st_does_not_stick_to_cat's_paws_and_get_tracked_around_my_home,directions_brand_attributes_does_not_stick_to_cats_paws_and_get_tracked_around_my_home_rank_1st,,N/A,0
directions_rank_1st_gets_my_dog_most_excited,directions_brand_attributes_gets_my_dog_most_excited_rank_1st,,N/A,0
directions_rank_1st_has_a_taste_my_cat_enjoys,directions_brand_attributes_has_a_taste_my_cat_enjoys_rank_1st,,N/A,0
directions_rank_1st_has_a_taste_my_dog_enjoys,directions_brand_attributes_has_a_taste_my_dog_enjoys_rank_1st,,N/A,0
directions_rank_1st_has_an_appealing_appearance,directions_brand_attributes_has_an_appealing_appearance_rank_1st,,N/A,0
directions_rank_1st_has_an_appealing_package,directions_brand_attributes_has_an_appealing_package_rank_1st,,N/A,0
directions_rank_1st_has_craveable_treats_that_my_cat_comes_running_for,directions_brand_attributes_has_craveable_treats_that_my_cat_comes_running_for_rank_1st,,N/A,0
directions_rank_1st_has_the_most_satisfying_and_hearty_dog_treats,directions_brand_attributes_has_the_most_satisfying_and_hearty_dog_treats_rank_1st,,N/A,0
directions_rank_1st_has_treats_i_could_feed_my_dog_everyday,directions_brand_attributes_has_treats_i_could_feed_my_dog_everyday_rank_1st,,N/A,0
directions_rank_1st_has_treats_that_contain_wholesome_ingredients,directions_brand_attributes_has_treats_that_contain_wholesome_ingredients_rank_1st,,N/A,0
directions_rank_1st_has_treats_that_have_an_appealing_package,directions_brand_attributes_has_treats_that_have_an_appealing_package_rank_1st,,N/A,0
directions_rank_1st_helps_me_connect_with_my_dog,directions_brand_attributes_helps_me_connect_with_my_dog_rank_1st,,N/A,0
directions_rank_1st_is_a_brand_i_do_not_trust_to_feed_to_my_pet,directions_brand_attributes_is_a_brand_i_do_not_trust_to_feed_to_my_pet_rank_1st_inverse,,100- Harmonized Attribute Value,0
directions_rank_1st_is_a_brand_i_do_not_trust_to_perform_well,directions_brand_attributes_is_a_brand_i_do_not_trust_to_perform_well_rank_1st_inverse,,100- Harmonized Attribute Value,0
directions_rank_1st_is_a_brand_i_trust_more_than_others,directions_brand_attributes_is_a_brand_i_trust_more_than_others_rank_1st,,N/A,0
directions_rank_1st_is_a_brand_i_would_pay_more_for,directions_brand_attributes_is_a_brand_i_would_pay_more_for_rank_1st,,N/A,0
directions_rank_1st_is_a_brand_that_delivers_on_their_promises,directions_brand_attributes_is_a_brand_that_delivers_on_their_promises_rank_1st,,N/A,0
directions_rank_1st_is_a_brand_that_is_gaining_in_popularity,directions_brand_attributes_is_a_brand_that_is_gaining_in_popularity_rank_1st,,N/A,0
directions_rank_1st_is_a_brand_that_is_nutritionally_complete,directions_brand_attributes_is_a_brand_that_is_nutritionally_complete_rank_1st,,N/A,0
directions_rank_1st_is_a_very_good_value_for_the_money,directions_brand_attributes_is_a_very_good_value_for_the_money_rank_1st,,N/A,0
directions_rank_1st_is_available_in_different_forms_for_different_occasions,directions_brand_attributes_is_available_in_different_forms_for_different_occasions_rank_1st,,N/A,0
directions_rank_1st_is_available_in_the_size_i'm_looking_for,directions_brand_attributes_is_available_in_the_size_im_looking_for_rank_1st,,N/A,0
directions_rank_1st_is_designed_to_meet_my_dogÃ¢â‚¬â„¢s_health_needs,directions_brand_attributes_is_designed_to_meet_my_dogs_health_needs_rank_1st,,N/A,0
directions_rank_1st_is_easy_to_find_and_buy,directions_brand_attributes_is_easy_to_find_and_buy_rank_1st,,N/A,0
directions_rank_1st_is_made_of_ingredients_that_are_safe_for_my_home_and_the_environment,directions_brand_attributes_is_made_of_ingredients_that_are_safe_for_my_home_and_the_environment_rank_1st,,N/A,0
directions_rank_1st_is_often_available_on_promotion_or_deal,directions_brand_attributes_is_often_available_on_promotion_or_deal_rank_1st,,N/A,0
directions_rank_1st_is_recommended_by_experts_i_trust,directions_brand_attributes_is_recommended_by_experts_i_trust_rank_1st,,N/A,0
directions_rank_1st_is_something_i'm_confident_my_dog_will_eat,directions_brand_attributes_is_something_im_confident_my_dog_will_eat_rank_1st,,N/A,0
directions_rank_1st_is_too_cheap_to_be_of_acceptable_quality,directions_brand_attributes_is_too_cheap_to_be_of_acceptable_quality_rank_1st_inverse,,100- Harmonized Attribute Value,0
directions_rank_1st_is_well_tolerated_by_my_cat_not_causing_digestive_issues_or_adverse_reactions,directions_brand_attributes_is_well_tolerated_by_my_cat_not_causing_digestive_issues_or_adverse_reactions_rank_1st,,N/A,0
directions_rank_1st_makes_it_easy_for_me_to_clean_my_cat's_litter_box,directions_brand_attributes_makes_it_easy_for_me_to_clean_my_cats_litter_box_rank_1st,,N/A,0
directions_rank_1st_offers_a_flavor(s)_that_appeals_to_my_dog's_taste,directions_brand_attributes_offers_a_flavors_that_appeals_to_my_dogs_taste_rank_1st,,N/A,0
directions_rank_1st_offers_litters_that_are_healthier_for_my_cat,directions_brand_attributes_offers_litters_that_are_healthier_for_my_cat_rank_1st,,N/A,0
directions_rank_1st_offers_products_that_contain_real_natural_ingredients,directions_brand_attributes_offers_products_that_contain_real_natural_ingredients_rank_1st,,N/A,0
directions_rank_1st_offers_the_best_lightweight_litters,directions_brand_attributes_offers_the_best_lightweight_litters_rank_1st,,N/A,0
directions_rank_1st_provides_all_the_variety_my_cat_wants,directions_brand_attributes_provides_all_the_variety_my_cat_wants_rank_1st,,N/A,0
directions_rank_1st_provides_better_nutrition_than_other_brands,directions_brand_attributes_provides_better_nutrition_than_other_brands_rank_1st,,N/A,0
directions_rank_1st_stays_current_with_the_latest_research_in_pet_nutrition,directions_brand_attributes_stays_current_with_the_latest_research_in_pet_nutrition_rank_1st,,N/A,0
directions_rank_1st_understands_the_relationship_between_me_and_my_cat,directions_brand_attributes_understands_the_relationship_between_me_and_my_cat_rank_1st,,N/A,0
directions_rank_1st_understands_the_relationship_between_me_and_my_dog,directions_brand_attributes_understands_the_relationship_between_me_and_my_dog_rank_1st,,N/A,0
directions_rank_1st_uses_higher_quality_ingredients_than_other_brands,directions_brand_attributes_uses_higher_quality_ingredients_than_other_brands_rank_1st,,N/A,0
directions_t2b_brand_trust_buyers,directions_brand_trust_buyers_t2b,,N/A,0
directions_t2b_brand_trust_non-buyers,directions_brand_trust_nonbuyers_t2b,,N/A,0
directions_t2b_buyers_loyalty,directions_funnel_metrics_loyalty_t2b_buyers,,N/A,0
directions_t2b_buyers_purchased_or_used,directions_funnel_metrics_purchased_or_used_t2b_buyers,,N/A,0
directions_t2b_consider,directions_funnel_metrics_consider_t2b,,N/A,0
neilsen_panel_%_volume_lbs_on_deal,neilsen_panel_per_volume_lbs_on_deal,,N/A,0
neilsen_panel_bulk_density_volume,neilsen_panel_bulk_density_volume,,N/A,0
neilsen_panel_buying_households,neilsen_panel_buying_households,,N/A,0
neilsen_panel_household_penetration,neilsen_panel_household_penetration,,N/A,0
neilsen_panel_occasions,neilsen_panel_occasions,,N/A,0
neilsen_panel_purchase_cycle_days,neilsen_panel_purchase_cycle_days,,N/A,0
neilsen_panel_raw_buying_households,neilsen_panel_raw_buying_households,,N/A,0
neilsen_panel_share_of_bulk_density_product,neilsen_panel_share_of_bulk_density_product,,N/A,0
neilsen_panel_share_of_units_multi_product,neilsen_panel_share_of_units_multi_product,,N/A,0
neilsen_panel_share_of_value_product,neilsen_panel_share_of_value_product,,N/A,0
neilsen_panel_share_of_volume_lbs_product,neilsen_panel_share_of_volume_lbs_product,,N/A,0
neilsen_panel_units_multi,neilsen_panel_units_multi,,N/A,0
neilsen_panel_value,neilsen_panel_value,,N/A,0
neilsen_panel_volume_lbs,neilsen_panel_volume_lbs,,N/A,0
oca_complaints,oca_complaints,,N/A,0
oca_complaints_percentage,oca_complaints_percentage,,N/A,0
oca_inquiries,oca_inquiries,,N/A,0
oca_inquiries_percentage,oca_inquiries_percentage,,N/A,0
oca_invalid_root_cause,oca_invalid_root_cause,,N/A,0
oca_invalid_root_cause_percentage,oca_invalid_root_cause_percentage,,N/A,0
oca_lvl2_complaint_e_commerce,oca_lvl2_complaint_e_commerce,,N/A,0
oca_lvl2_complaint_health_concern,oca_lvl2_complaint_health_concern,,N/A,0
oca_lvl2_complaint_infestation,oca_lvl2_complaint_infestation,,N/A,0
oca_lvl2_complaint_miscellaneous,oca_lvl2_complaint_miscellaneous,,N/A,0
oca_lvl2_complaint_package_design_construction,oca_lvl2_complaint_package_design_construction,,N/A,0
oca_lvl2_complaint_package_quality,oca_lvl2_complaint_package_quality,,N/A,0
oca_lvl2_complaint_product_formulation,oca_lvl2_complaint_product_formulation,,N/A,0
oca_lvl2_complaint_product_location_not_available,oca_lvl2_complaint_product_location_not_available,,N/A,0
oca_lvl2_complaint_product_quality,oca_lvl2_complaint_product_quality,,N/A,0
oca_lvl2_complaint_promotion_advertising,oca_lvl2_complaint_promotion_advertising,,N/A,0
oca_lvl2_complaint_purina_for_professionals,oca_lvl2_complaint_purina_for_professionals,,N/A,0
oca_lvl2_complaint_value_pricing_size,oca_lvl2_complaint_value_pricing_size,,N/A,0
oca_lvl2_complaint_vendor_issues,oca_lvl2_complaint_vendor_issues,,N/A,0
oca_lvl2_complaint_website,oca_lvl2_complaint_website,,N/A,0
oca_lvl2_inquiry_e_commerce,oca_lvl2_inquiry_e_commerce,,N/A,0
oca_lvl2_inquiry_health_concern,oca_lvl2_inquiry_health_concern,,N/A,0
oca_lvl2_inquiry_miscellaneous,oca_lvl2_inquiry_miscellaneous,,N/A,0
oca_lvl2_inquiry_package_design_construction,oca_lvl2_inquiry_package_design_construction,,N/A,0
oca_lvl2_inquiry_pet_care_nutrition,oca_lvl2_inquiry_pet_care_nutrition,,N/A,0
oca_lvl2_inquiry_product_availability_distribution,oca_lvl2_inquiry_product_availability_distribution,,N/A,0
oca_lvl2_inquiry_product_formulation,oca_lvl2_inquiry_product_formulation,,N/A,0
oca_lvl2_inquiry_promotion_advertising,oca_lvl2_inquiry_promotion_advertising,,N/A,0
oca_lvl2_inquiry_value_pricing_size,oca_lvl2_inquiry_value_pricing_size,,N/A,0
oca_lvl2_inquiry_website,oca_lvl2_inquiry_website,,N/A,0
oca_lvl2_invalid_root_cause,oca_lvl2_invalid_root_cause,,N/A,0
oca_lvl2_praise_miscellaneous,oca_lvl2_praise_miscellaneous,,N/A,0
oca_lvl2_praise_package,oca_lvl2_praise_package,,N/A,0
oca_lvl2_praise_prodcut_formulation,oca_lvl2_praise_prodcut_formulation,,N/A,0
oca_lvl2_praise_promotion,oca_lvl2_praise_promotion,,N/A,0
oca_lvl2_praise_website,oca_lvl2_praise_website,,N/A,0
oca_lvl2_unknown_root_cause,oca_lvl2_unknown_root_cause,,N/A,0
oca_praise,oca_praise,,N/A,0
oca_praise_percentage,oca_praise_percentage,,N/A,0
oca_unknown_root_cause,oca_unknown_root_cause,,N/A,0
oca_unknown_root_cause_percentage,oca_unknown_root_cause_percentage,,N/A,0
ratings_reviews_1_star_ratings,ratings_reviews_1_star_ratings,,N/A,0
ratings_reviews_2_star_ratings,ratings_reviews_2_star_ratings,,N/A,0
ratings_reviews_count_health_benefits_,ratings_reviews_review_sentiment_score_health_benefits_count,,N/A,0
ratings_reviews_count_ingredients_,ratings_reviews_review_sentiment_score_ingredients_count,,N/A,0
ratings_reviews_count_litter_performance_,ratings_reviews_review_sentiment_score_litter_performance_count,,N/A,0
ratings_reviews_count_null_,ratings_reviews_review_sentiment_score_null_count,,N/A,0
ratings_reviews_count_others_,ratings_reviews_review_sentiment_score_others_count,,N/A,0
ratings_reviews_count_pet_enjoyment_,ratings_reviews_review_sentiment_score_pet_enjoyment_count,,N/A,0
ratings_reviews_count_simplify_,ratings_reviews_review_sentiment_score_simplify_count,,N/A,0
ratings_reviews_count_value_for_the_money_,ratings_reviews_review_sentiment_score_value_for_the_money_count,,N/A,0
ratings_reviews_review_rating_median,ratings_reviews_review_rating_median,,N/A,0
ratings_reviews_review_rating_mode,ratings_reviews_review_rating_mode,,N/A,0
ratings_reviews_sentiment_score_bad_experiences,ratings_reviews_review_sentiment_score_bad_experiences,,N/A,0
ratings_reviews_sentiment_score_null,ratings_reviews_review_sentiment_score_null,,N/A,0
ratings_reviews_sentiment_score_others,ratings_reviews_review_sentiment_score_others,,N/A,0
ratings_reviews_sentiment_score_simplify,ratings_reviews_review_sentiment_score_simplify,,N/A,0
search_actual_keyword_alias_count,search_actual_keyword_alias_count,,N/A,0
search_actual_keyword_count,search_actual_keyword_count,,N/A,0
search_total_keyword_alias_count,search_total_keyword_alias_count,,N/A,0
search_total_keyword_count,search_total_keyword_count,,N/A,0
social_negative_sentiment,social_negative_sentiment,,N/A,0
social_neutral_sentiment,social_neutral_sentiment,,N/A,0
social_percent_negative,social_percent_negative,,N/A,0
social_positive_sentiment,social_positive_sentiment,,N/A,0
social_share_of_negative_sentiment,social_share_of_negative_sentiment,,N/A,0
social_share_of_neutral_sentiment,social_share_of_neutral_sentiment,,N/A,0
social_share_of_positive_sentiment,social_share_of_positive_sentiment,,N/A,0
social_social_mentions,social_social_mentions,,N/A,0
social_total_buzz_post,social_total_buzz_post,,N/A,0
,neilsen_panel_occasions_per_buyer,Trips - Nielsen Panel,,
,neilsen_panel_per_2_plus_time_buyers,2+ Purchases - Nielsen Panel,,
,neilsen_panel_value_per_buyer,Buyer Dollar Value - Nielsen Panel,,
,neilsen_panel_value_per_occasion,Dollars per Trip - Nielsen Panel,,
,neilsen_panel_pound_basis_per_buyer,Pounds per Buyer - Nielsen Panel,,
,neilsen_panel_pound_basis_per_occasion,Pounds per Trip - Nielsen Panel,,
